CHROM,POS,REF,ALT,REGION,STRAND,CDS_START,CDS_END,CDS_POS,CODON_POS,CODON_REF,CODON_ALT,AA_POS,AA_REF,AA_ALT,EFFECT,SAMPLE
L,189,C,T,CDS,+,1,6759,189,3,CTC,CTT,63,L,L,synonymous,Seq_01
L,575,C,T,CDS,+,1,6759,575,2,ACC,ATC,192,T,I,nonsynonymous,Seq_01
L,1012,G,A,CDS,+,1,6759,1012,1,GTA,ATA,338,V,I,nonsynonymous,Seq_01
L,1023,T,C,CDS,+,1,6759,1023,3,TTT,TTC,341,F,F,synonymous,Seq_01
L,1215,G,A,CDS,+,1,6759,1215,3,GAG,GAA,405,E,E,synonymous,Seq_01
L,1419,T,C,CDS,+,1,6759,1419,3,TAT,TAC,473,Y,Y,synonymous,Seq_01
L,1590,G,A,CDS,+,1,6759,1590,3,TCG,TCA,530,S,S,synonymous,Seq_01
L,1596,G,A,CDS,+,1,6759,1596,3,GCG,GCA,532,A,A,synonymous,Seq_01
L,1615,C,T,CDS,+,1,6759,1615,1,CTA,TTA,539,L,L,synonymous,Seq_01
L,1761,A,G,CDS,+,1,6759,1761,3,TCA,TCG,587,S,S,synonymous,Seq_01
L,2983,A,C,CDS,+,1,6759,2983,1,AGA,CGA,995,R,R,synonymous,Seq_01
L,2991,A,G,CDS,+,1,6759,2991,3,TTA,TTG,997,L,L,synonymous,Seq_01
L,3168,A,G,CDS,+,1,6759,3168,3,GTA,GTG,1056,V,V,synonymous,Seq_01
L,3255,T,C,CDS,+,1,6759,3255,3,TAT,TAC,1085,Y,Y,synonymous,Seq_01
L,3297,A,G,CDS,+,1,6759,3297,3,ACA,ACG,1099,T,T,synonymous,Seq_01
L,3357,C,T,CDS,+,1,6759,3357,3,TAC,TAT,1119,Y,Y,synonymous,Seq_01
L,3384,C,A,CDS,+,1,6759,3384,3,CGC,CGA,1128,R,R,synonymous,Seq_01
L,3456,C,T,CDS,+,1,6759,3456,3,GAC,GAT,1152,D,D,synonymous,Seq_01
L,3486,A,G,CDS,+,1,6759,3486,3,GAA,GAG,1162,E,E,synonymous,Seq_01
L,3606,G,A,CDS,+,1,6759,3606,3,AAG,AAA,1202,K,K,synonymous,Seq_01
L,3675,T,C,CDS,+,1,6759,3675,3,TTT,TTC,1225,F,F,synonymous,Seq_01
L,3804,T,C,CDS,+,1,6759,3804,3,ACT,ACC,1268,T,T,synonymous,Seq_01
L,3963,T,C,CDS,+,1,6759,3963,3,TGT,TGC,1321,C,C,synonymous,Seq_01
L,4200,C,T,CDS,+,1,6759,4200,3,GAC,GAT,1400,D,D,synonymous,Seq_01
L,4227,G,A,CDS,+,1,6759,4227,3,AGG,AGA,1409,R,R,synonymous,Seq_01
L,4458,A,G,CDS,+,1,6759,4458,3,TCA,TCG,1486,S,S,synonymous,Seq_01
L,4722,C,T,CDS,+,1,6759,4722,3,TCC,TCT,1574,S,S,synonymous,Seq_01
L,4880,C,T,CDS,+,1,6759,4880,2,GCA,GTA,1627,A,V,nonsynonymous,Seq_01
L,5302,C,T,CDS,+,1,6759,5302,1,CCT,TCT,1768,P,S,nonsynonymous,Seq_01
L,5403,G,A,CDS,+,1,6759,5403,3,TTG,TTA,1801,L,L,synonymous,Seq_01
L,5514,A,G,CDS,+,1,6759,5514,3,CAA,CAG,1838,Q,Q,synonymous,Seq_01
L,5622,A,G,CDS,+,1,6759,5622,3,CAA,CAG,1874,Q,Q,synonymous,Seq_01
L,5775,T,C,CDS,+,1,6759,5775,3,TAT,TAC,1925,Y,Y,synonymous,Seq_01
L,6009,C,T,CDS,+,1,6759,6009,3,TTC,TTT,2003,F,F,synonymous,Seq_01
L,6672,G,A,CDS,+,1,6759,6672,3,GCG,GCA,2224,A,A,synonymous,Seq_01
L,69,G,A,CDS,+,1,6759,69,3,AAG,AAA,23,K,K,synonymous,Seq_02
L,189,C,T,CDS,+,1,6759,189,3,CTC,CTT,63,L,L,synonymous,Seq_02
L,288,C,T,CDS,+,1,6759,288,3,GAC,GAT,96,D,D,synonymous,Seq_02
L,543,T,C,CDS,+,1,6759,543,3,AGT,AGC,181,S,S,synonymous,Seq_02
L,575,C,T,CDS,+,1,6759,575,2,ACC,ATC,192,T,I,nonsynonymous,Seq_02
L,601,A,G,CDS,+,1,6759,601,1,ACT,GCT,201,T,A,nonsynonymous,Seq_02
L,957,G,A,CDS,+,1,6759,957,3,CAG,CAA,319,Q,Q,synonymous,Seq_02
L,1012,G,A,CDS,+,1,6759,1012,1,GTA,ATA,338,V,I,nonsynonymous,Seq_02
L,1020,T,C,CDS,+,1,6759,1020,3,GCT,GCC,340,A,A,synonymous,Seq_02
L,1023,T,C,CDS,+,1,6759,1023,3,TTT,TTC,341,F,F,synonymous,Seq_02
L,1077,G,A,CDS,+,1,6759,1077,3,TCG,TCA,359,S,S,synonymous,Seq_02
L,1176,G,A,CDS,+,1,6759,1176,3,GAG,GAA,392,E,E,synonymous,Seq_02
L,1215,G,A,CDS,+,1,6759,1215,3,GAG,GAA,405,E,E,synonymous,Seq_02
L,1365,C,T,CDS,+,1,6759,1365,3,AAC,AAT,455,N,N,synonymous,Seq_02
L,1419,T,C,CDS,+,1,6759,1419,3,TAT,TAC,473,Y,Y,synonymous,Seq_02
L,1494,C,T,CDS,+,1,6759,1494,3,ACC,ACT,498,T,T,synonymous,Seq_02
L,1590,G,A,CDS,+,1,6759,1590,3,TCG,TCA,530,S,S,synonymous,Seq_02
L,1596,G,A,CDS,+,1,6759,1596,3,GCG,GCA,532,A,A,synonymous,Seq_02
L,1615,C,T,CDS,+,1,6759,1615,1,CTA,TTA,539,L,L,synonymous,Seq_02
L,1761,A,G,CDS,+,1,6759,1761,3,TCA,TCG,587,S,S,synonymous,Seq_02
L,2379,T,C,CDS,+,1,6759,2379,3,AAT,AAC,793,N,N,synonymous,Seq_02
L,2541,G,A,CDS,+,1,6759,2541,3,GAG,GAA,847,E,E,synonymous,Seq_02
L,2559,T,A,CDS,+,1,6759,2559,3,ACT,ACA,853,T,T,synonymous,Seq_02
L,2667,T,C,CDS,+,1,6759,2667,3,TAT,TAC,889,Y,Y,synonymous,Seq_02
L,2727,C,T,CDS,+,1,6759,2727,3,GAC,GAT,909,D,D,synonymous,Seq_02
L,2823,C,T,CDS,+,1,6759,2823,3,TTC,TTT,941,F,F,synonymous,Seq_02
L,2983,A,C,CDS,+,1,6759,2983,1,AGA,CGA,995,R,R,synonymous,Seq_02
L,2991,A,G,CDS,+,1,6759,2991,3,TTA,TTG,997,L,L,synonymous,Seq_02
L,3168,A,G,CDS,+,1,6759,3168,3,GTA,GTG,1056,V,V,synonymous,Seq_02
L,3255,T,C,CDS,+,1,6759,3255,3,TAT,TAC,1085,Y,Y,synonymous,Seq_02
L,3297,A,G,CDS,+,1,6759,3297,3,ACA,ACG,1099,T,T,synonymous,Seq_02
L,3340,T,G,CDS,+,1,6759,3340,1,TTG,GTG,1114,L,V,nonsynonymous,Seq_02
L,3357,C,T,CDS,+,1,6759,3357,3,TAC,TAT,1119,Y,Y,synonymous,Seq_02
L,3384,C,A,CDS,+,1,6759,3384,3,CGC,CGA,1128,R,R,synonymous,Seq_02
L,3456,C,T,CDS,+,1,6759,3456,3,GAC,GAT,1152,D,D,synonymous,Seq_02
L,3486,A,G,CDS,+,1,6759,3486,3,GAA,GAG,1162,E,E,synonymous,Seq_02
L,3528,T,C,CDS,+,1,6759,3528,3,AAT,AAC,1176,N,N,synonymous,Seq_02
L,3606,G,A,CDS,+,1,6759,3606,3,AAG,AAA,1202,K,K,synonymous,Seq_02
L,3660,C,T,CDS,+,1,6759,3660,3,AAC,AAT,1220,N,N,synonymous,Seq_02
L,3675,T,C,CDS,+,1,6759,3675,3,TTT,TTC,1225,F,F,synonymous,Seq_02
L,3696,C,T,CDS,+,1,6759,3696,3,CAC,CAT,1232,H,H,synonymous,Seq_02
L,3804,T,C,CDS,+,1,6759,3804,3,ACT,ACC,1268,T,T,synonymous,Seq_02
L,3963,T,C,CDS,+,1,6759,3963,3,TGT,TGC,1321,C,C,synonymous,Seq_02
L,4131,G,A,CDS,+,1,6759,4131,3,TCG,TCA,1377,S,S,synonymous,Seq_02
L,4200,C,T,CDS,+,1,6759,4200,3,GAC,GAT,1400,D,D,synonymous,Seq_02
L,4227,G,A,CDS,+,1,6759,4227,3,AGG,AGA,1409,R,R,synonymous,Seq_02
L,4263,G,A,CDS,+,1,6759,4263,3,ACG,ACA,1421,T,T,synonymous,Seq_02
L,4458,A,G,CDS,+,1,6759,4458,3,TCA,TCG,1486,S,S,synonymous,Seq_02
L,4521,C,T,CDS,+,1,6759,4521,3,GAC,GAT,1507,D,D,synonymous,Seq_02
L,4683,C,T,CDS,+,1,6759,4683,3,TTC,TTT,1561,F,F,synonymous,Seq_02
L,4722,C,T,CDS,+,1,6759,4722,3,TCC,TCT,1574,S,S,synonymous,Seq_02
L,4827,A,G,CDS,+,1,6759,4827,3,TCA,TCG,1609,S,S,synonymous,Seq_02
L,4880,C,T,CDS,+,1,6759,4880,2,GCA,GTA,1627,A,V,nonsynonymous,Seq_02
L,5199,T,C,CDS,+,1,6759,5199,3,TCT,TCC,1733,S,S,synonymous,Seq_02
L,5280,T,C,CDS,+,1,6759,5280,3,CAT,CAC,1760,H,H,synonymous,Seq_02
L,5302,C,T,CDS,+,1,6759,5302,1,CCT,TCT,1768,P,S,nonsynonymous,Seq_02
L,5403,G,A,CDS,+,1,6759,5403,3,TTG,TTA,1801,L,L,synonymous,Seq_02
L,5514,A,G,CDS,+,1,6759,5514,3,CAA,CAG,1838,Q,Q,synonymous,Seq_02
L,5535,C,T,CDS,+,1,6759,5535,3,ACC,ACT,1845,T,T,synonymous,Seq_02
L,5622,A,G,CDS,+,1,6759,5622,3,CAA,CAG,1874,Q,Q,synonymous,Seq_02
L,5775,T,C,CDS,+,1,6759,5775,3,TAT,TAC,1925,Y,Y,synonymous,Seq_02
L,5976,A,G,CDS,+,1,6759,5976,3,GTA,GTG,1992,V,V,synonymous,Seq_02
L,6009,C,T,CDS,+,1,6759,6009,3,TTC,TTT,2003,F,F,synonymous,Seq_02
L,6243,C,T,CDS,+,1,6759,6243,3,AAC,AAT,2081,N,N,synonymous,Seq_02
L,6582,G,A,CDS,+,1,6759,6582,3,GAG,GAA,2194,E,E,synonymous,Seq_02
L,6672,G,A,CDS,+,1,6759,6672,3,GCG,GCA,2224,A,A,synonymous,Seq_02
